timestamp_rounded,ip_address,attempt_count
2025-02-05 15:45:00,192.168.1.3,1
2025-02-05 15:46:00,192.168.1.2,1
2025-02-05 15:46:00,192.168.1.3,1
2025-02-05 15:47:00,192.168.1.2,1
2025-02-05 15:47:00,192.168.1.5,1
2025-02-05 15:48:00,192.168.1.5,1
2025-02-05 15:48:00,192.168.1.6,1
2025-02-05 15:49:00,192.168.1.4,1
2025-02-05 15:49:00,192.168.1.5,3
2025-02-05 15:50:00,192.168.1.3,1
2025-02-05 15:50:00,192.168.1.4,1
2025-02-05 15:50:00,192.168.1.6,1
2025-02-05 15:51:00,192.168.1.2,1
2025-02-05 15:51:00,192.168.1.4,1
2025-02-05 15:51:00,192.168.1.6,2
2025-02-05 15:52:00,192.168.1.2,1
2025-02-05 15:52:00,192.168.1.4,1
2025-02-05 15:52:00,192.168.1.6,1
2025-02-05 15:53:00,192.168.1.2,1
2025-02-05 15:53:00,192.168.1.3,1
2025-02-05 15:53:00,192.168.1.5,1
2025-02-05 15:54:00,192.168.1.2,4
2025-02-05 15:54:00,192.168.1.3,2
2025-02-05 15:54:00,192.168.1.4,1
2025-02-05 15:55:00,192.168.1.5,1
2025-02-05 15:55:00,192.168.1.6,2
2025-02-05 15:56:00,192.168.1.2,1
2025-02-05 15:56:00,192.168.1.3,1
2025-02-05 15:56:00,192.168.1.4,1
2025-02-05 15:56:00,192.168.1.6,1
2025-02-05 15:57:00,192.168.1.3,2
2025-02-05 15:57:00,192.168.1.5,1
2025-02-05 15:58:00,192.168.1.2,1
2025-02-05 15:58:00,192.168.1.3,1
2025-02-05 15:58:00,192.168.1.4,2
2025-02-05 15:58:00,192.168.1.6,2
2025-02-05 15:59:00,192.168.1.3,1
2025-02-05 15:59:00,192.168.1.4,3
2025-02-05 15:59:00,192.168.1.5,1
2025-02-05 15:59:00,192.168.1.6,1
2025-02-05 16:00:00,192.168.1.5,1
2025-02-05 16:01:00,192.168.1.5,1
2025-02-05 16:02:00,192.168.1.2,1
2025-02-05 16:02:00,192.168.1.6,2
2025-02-05 16:03:00,192.168.1.3,1
2025-02-05 16:03:00,192.168.1.5,3
2025-02-05 16:03:00,192.168.1.6,3
2025-02-05 16:04:00,192.168.1.3,3
2025-02-05 16:04:00,192.168.1.4,1
2025-02-05 16:04:00,192.168.1.5,1
2025-02-05 16:05:00,192.168.1.4,1
2025-02-05 16:05:00,192.168.1.6,1
2025-02-05 16:06:00,192.168.1.2,1
2025-02-05 16:06:00,192.168.1.3,1
2025-02-05 16:06:00,192.168.1.6,1
2025-02-05 16:07:00,192.168.1.2,2
2025-02-05 16:07:00,192.168.1.3,1
2025-02-05 16:07:00,192.168.1.5,3
2025-02-05 16:07:00,192.168.1.6,1
2025-02-05 16:08:00,192.168.1.3,1
2025-02-05 16:08:00,192.168.1.4,1
2025-02-05 16:08:00,192.168.1.6,1
2025-02-05 16:09:00,192.168.1.3,1
2025-02-05 16:09:00,192.168.1.4,2
2025-02-05 16:09:00,192.168.1.5,1
2025-02-05 16:10:00,192.168.1.3,1
2025-02-05 16:10:00,192.168.1.6,1
2025-02-05 16:11:00,192.168.1.2,3
2025-02-05 16:12:00,192.168.1.5,1
2025-02-05 16:12:00,192.168.1.6,1
2025-02-05 16:13:00,192.168.1.2,1
2025-02-05 16:13:00,192.168.1.5,3
2025-02-05 16:13:00,192.168.1.6,1
2025-02-05 16:14:00,192.168.1.2,1
2025-02-05 16:14:00,192.168.1.4,1
2025-02-05 16:14:00,192.168.1.5,2
2025-02-05 16:14:00,192.168.1.6,2
2025-02-05 16:15:00,192.168.1.2,1
2025-02-05 16:15:00,192.168.1.4,2
2025-02-05 16:16:00,192.168.1.2,3
2025-02-05 16:16:00,192.168.1.4,1
2025-02-05 16:17:00,192.168.1.3,1
2025-02-05 16:17:00,192.168.1.4,1
2025-02-05 16:17:00,192.168.1.5,3
2025-02-05 16:17:00,192.168.1.6,1
2025-02-05 16:18:00,192.168.1.3,2
2025-02-05 16:18:00,192.168.1.5,1
2025-02-05 16:18:00,192.168.1.6,1
2025-02-05 16:19:00,192.168.1.3,1
2025-02-05 16:19:00,192.168.1.5,1
2025-02-05 16:20:00,192.168.1.2,1
2025-02-05 16:20:00,192.168.1.3,1
2025-02-05 16:20:00,192.168.1.4,1
2025-02-05 16:20:00,192.168.1.5,1
2025-02-05 16:20:00,192.168.1.6,1
2025-02-05 16:21:00,192.168.1.2,1
2025-02-05 16:21:00,192.168.1.4,1
2025-02-05 16:21:00,192.168.1.5,1
2025-02-05 16:21:00,192.168.1.6,1
2025-02-05 16:22:00,192.168.1.2,1
2025-02-05 16:22:00,192.168.1.4,2
2025-02-05 16:22:00,192.168.1.5,1
2025-02-05 16:23:00,192.168.1.2,1
2025-02-05 16:23:00,192.168.1.3,2
2025-02-05 16:23:00,192.168.1.4,2
2025-02-05 16:23:00,192.168.1.5,1
2025-02-05 16:23:00,192.168.1.6,1
2025-02-05 16:24:00,192.168.1.3,1
2025-02-05 16:24:00,192.168.1.5,1
2025-02-05 16:24:00,192.168.1.6,2
2025-02-05 16:25:00,192.168.1.2,4
2025-02-05 16:25:00,192.168.1.3,1
2025-02-05 16:25:00,192.168.1.4,1
2025-02-05 16:25:00,192.168.1.5,1
2025-02-05 16:25:00,192.168.1.6,3
2025-02-05 16:26:00,192.168.1.4,1
2025-02-05 16:27:00,192.168.1.3,1
2025-02-05 16:27:00,192.168.1.4,1
2025-02-05 16:27:00,192.168.1.6,1
2025-02-05 16:28:00,192.168.1.3,1
2025-02-05 16:28:00,192.168.1.4,1
2025-02-05 16:28:00,192.168.1.5,1
2025-02-05 16:28:00,192.168.1.6,2
2025-02-05 16:29:00,192.168.1.2,1
2025-02-05 16:29:00,192.168.1.3,2
2025-02-05 16:29:00,192.168.1.4,1
2025-02-05 16:29:00,192.168.1.5,1
2025-02-05 16:29:00,192.168.1.6,1
2025-02-05 16:30:00,192.168.1.5,2
2025-02-05 16:31:00,192.168.1.2,1
2025-02-05 16:31:00,192.168.1.3,2
2025-02-05 16:31:00,192.168.1.4,2
2025-02-05 16:31:00,192.168.1.5,1
2025-02-05 16:31:00,192.168.1.6,1
2025-02-05 16:32:00,192.168.1.2,1
2025-02-05 16:32:00,192.168.1.3,1
2025-02-05 16:32:00,192.168.1.4,1
2025-02-05 16:33:00,192.168.1.4,1
2025-02-05 16:34:00,192.168.1.2,1
2025-02-05 16:34:00,192.168.1.4,2
2025-02-05 16:35:00,192.168.1.2,1
2025-02-05 16:35:00,192.168.1.3,1
2025-02-05 16:35:00,192.168.1.5,1
2025-02-05 16:35:00,192.168.1.6,2
2025-02-05 16:36:00,192.168.1.5,2
2025-02-05 16:37:00,192.168.1.2,2
2025-02-05 16:37:00,192.168.1.5,1
2025-02-05 16:38:00,192.168.1.2,3
2025-02-05 16:38:00,192.168.1.4,1
2025-02-05 16:38:00,192.168.1.5,4
2025-02-05 16:38:00,192.168.1.6,3
2025-02-05 16:39:00,192.168.1.3,3
2025-02-05 16:39:00,192.168.1.5,1
2025-02-05 16:40:00,192.168.1.3,1
2025-02-05 16:40:00,192.168.1.5,1
2025-02-05 16:41:00,192.168.1.4,1
2025-02-05 16:41:00,192.168.1.5,3
2025-02-05 16:42:00,192.168.1.5,2
2025-02-05 16:43:00,192.168.1.4,2
2025-02-05 16:43:00,192.168.1.5,1
2025-02-05 16:44:00,192.168.1.2,1
2025-02-05 16:44:00,192.168.1.4,2
2025-02-05 16:45:00,192.168.1.3,1
2025-02-05 16:45:00,192.168.1.4,1
2025-02-05 16:45:00,192.168.1.5,1
2025-02-05 16:45:00,192.168.1.6,1
